2021/06/07 13:26:31,get_up
2021/06/07 14:01:20,rocket_league
2021/06/07 15:11:18,-
2021/06/07 15:24:01,competitive_programming
2021/06/07 15:52:15,-
2021/06/07 16:12:36,typing
2021/06/07 16:36:42,-
2021/06/07 17:10:40,valorant
2021/06/07 18:42:57,-
2021/06/07 18:48:13,english
2021/06/07 18:51:41,-
2021/06/07 20:53:20,English
2021/06/07 20:56:56,-
2021/06/07 21:07:44,valorant
2021/06/07 23:21:43,-
2021/06/08 00:26:49,typing
2021/06/08 00:43:45,-
2021/06/08 05:40:50,get_up
2021/06/08 08:17:34,valorant_survey
2021/06/08 09:11:32,-
2021/06/08 18:30:53,typing
2021/06/08 18:38:48,-
2021/06/08 20:31:05,English
2021/06/08 20:36:24,-
2021/06/08 20:39:56,valorant
2021/06/08 21:51:12,-
2021/06/08 22:11:12,valorant
2021/06/08 23:22:29,-
2021/06/08 23:36:17,rocket_league
2021/06/08 23:52:43,-
2021/06/08 23:55:41,timber_man
2021/06/08 23:59:42,-
2021/06/09 00:11:08,mini_metro
2021/06/09 00:26:07,-
2021/06/09 00:37:28,typing
2021/06/09 00:51:07,-
2021/06/09 01:04:05,valorant
2021/06/09 01:50:05,-
2021/06/09 10:35:37,get_up
2021/06/09 14:32:23,competitive_programming
2021/06/09 15:17:23,-
2021/06/09 16:29:43,drum
2021/06/09 17:07:27,-
2021/06/09 19:50:53,Drum
2021/06/09 19:58:04,-
2021/06/10 01:29:02,will_sleep
2021/06/10 13:56:46,get_up
2021/06/10 14:31:19,terraria
2021/06/10 14:48:32,-
2021/06/10 15:01:17,rocket_league
2021/06/10 17:07:02,-
2021/06/10 17:26:53,typing
2021/06/10 17:31:09,-
2021/06/11 1:00:52,valorant
2021/06/11 02:01:53,-
2021/06/11 02:51:25,rocket_league
2021/06/11 03:35:58,-
2021/06/11 04:08:45,valorant
2021/06/11 05:00:07,-
2021/06/11 05:13:04,typing
2021/06/11 05:41:36,-
2021/06/11 13:05:20,getup
2021/06/11 13:30:37,stardew_valley
2021/06/11 13:41:37,-
2021/06/11 13:50:39,valorant
2021/06/11 14:45:39,-
2021/06/11 16:37:23,c_p
2021/06/11 17:04:47,-
2021/06/11 17:40:55,rocket_league
2021/06/11 18:14:42,-
2021/06/11 18:24:55,rocket_league
2021/06/11 18:43:15,-
2021/06/11 21:37:46,valorant
2021/06/12 00:37:46,-
2021/06/12 14:31:21,get_up
2021/06/12 21:24:04,valorant
2021/06/12 23:20:56,-
2021/06/13 07:30:22,sleep
2021/06/13 12:52:22,get_up
2021/06/13 14:01:12,pso2
2021/06/13 16:54:13,-
2021/06/13 16:54:14,valorant
2021/06/13 17:00:35,-
2021/06/13 18:40:45,typing
2021/06/13 18:45:45,-
2021/06/13 21:18:19,valorant
2021/06/13 22:18:19,-
2021/06/14 12:30:34,get_up
2021/06/14 16:33:13,c_p
2021/06/14 17:34:30,-
2021/06/14 22:45:46,valorant
2021/06/15 00:11:46,-
2021/06/15 01:08:37,atcoder
2021/06/15 01:08:48,-
2021/06/15 04:40:42,pso2
2021/06/15 07:06:58,-
2021/06/15 14:28:00,get_up
2021/06/15 17:25:18,valorant
2021/06/15 18:28:33,-
2021/06/16 00:17:34,valorant
2021/06/16 01:17:35,-
2021/06/16 12:01:08,get_up
2021/06/16 12:36:13,pso2
2021/06/16 12:41:41,-
2021/06/16 12:44:48,valorant
2021/06/16 13:34:55,-
2021/06/16 13:58:50,valorant
2021/06/16 14:40:39,-
2021/06/16 15:02:01,cp
2021/06/16 17:21:52,-
2021/06/17 00:46:46,valo
2021/06/17 01:45:46,-
2021/06/17 07:04:29,pso2
2021/06/17 08:00:31,-
2021/06/17 18:38:35,get_up
2021/06/17 19:44:34,valorant
2021/06/17 20:06:39,-
2021/06/18 07:31:36,pso2
2021/06/18 07:51:35,-
2021/06/18 08:14:20,sleepy
2021/06/18 19:46:21,Get_up
2021/06/18 22:12:50,valo
2021/06/18 23:18:52,-
2021/06/18 23:18:56,pso2
2021/06/18 23:30:56,-
2021/06/19 19:44:57,get_up
2021/06/21 20:51:49,valorant
2021/06/21 21:46:29,-
2021/06/23 20:50:16,valorant
2021/06/23 23:02:15,-
2021/06/24 20:46:49,valorant
2021/06/24 22:47:48,over_cooked
2021/06/24 23:32:51,-
